{
  "lang":"en",
  "name":"pipeline",
  "version":"0.0.0",
  "spacy_version":">=3.0.6,<3.1.0",
  "description":"",
  "author":"",
  "email":"",
  "url":"",
  "license":"",
  "spacy_git_version":"df3444421",
  "vectors":{
    "width":0,
    "vectors":0,
    "keys":0,
    "name":null
  },
  "labels":{
    "tok2vec":[

    ],
    "ner":[
      "art",
      "eve",
      "geo",
      "gpe",
      "nat",
      "org",
      "per",
      "tim"
    ]
  },
  "pipeline":[
    "tok2vec",
    "ner"
  ],
  "components":[
    "tok2vec",
    "ner"
  ],
  "disabled":[

  ],
  "performance":{
    "ents_per_type":{
      "geo":{
        "p":0.8756946226,
        "r":0.8515254801,
        "f":0.8634409509
      },
      "tim":{
        "p":0.9518799319,
        "r":0.8715115455,
        "f":0.9099245674
      },
      "org":{
        "p":0.7375687941,
        "r":0.7881758151,
        "f":0.7620330191
      },
      "per":{
        "p":0.8598480678,
        "r":0.8713600357,
        "f":0.8655657763
      },
      "gpe":{
        "p":0.9600830641,
        "r":0.916923755,
        "f":0.9380072137
      },
      "art":{
        "p":0.1290322581,
        "r":0.0490797546,
        "f":0.0711111111
      },
      "eve":{
        "p":0.4193548387,
        "r":0.3489932886,
        "f":0.380952381
      },
      "nat":{
        "p":0.7916666667,
        "r":0.2638888889,
        "f":0.3958333333
      }
    },
    "ents_f":0.850947423,
    "ents_p":0.8562072893,
    "ents_r":0.8457517872,
    "tok2vec_loss":1498.7841815085,
    "ner_loss":5786.6028079171
  }
}