{
  "lang":"en",
  "name":"pipeline",
  "version":"0.0.0",
  "spacy_version":">=3.0.6,<3.1.0",
  "description":"",
  "author":"",
  "email":"",
  "url":"",
  "license":"",
  "spacy_git_version":"df3444421",
  "vectors":{
    "width":0,
    "vectors":0,
    "keys":0,
    "name":null
  },
  "labels":{
    "tok2vec":[

    ],
    "ner":[
      "art",
      "eve",
      "geo",
      "gpe",
      "nat",
      "org",
      "per",
      "tim"
    ]
  },
  "pipeline":[
    "tok2vec",
    "ner"
  ],
  "components":[
    "tok2vec",
    "ner"
  ],
  "disabled":[

  ],
  "performance":{
    "ents_per_type":{
      "geo":{
        "p":0.841681505,
        "r":0.9038157785,
        "f":0.8716427483
      },
      "tim":{
        "p":0.9365504915,
        "r":0.8907777306,
        "f":0.9130908299
      },
      "org":{
        "p":0.8041451914,
        "r":0.7566033842,
        "f":0.7796502047
      },
      "per":{
        "p":0.8636658732,
        "r":0.890550039,
        "f":0.87690195
      },
      "gpe":{
        "p":0.9617701576,
        "r":0.914720141,
        "f":0.937655297
      },
      "art":{
        "p":0.0,
        "r":0.0,
        "f":0.0
      },
      "eve":{
        "p":0.5138888889,
        "r":0.2483221477,
        "f":0.334841629
      },
      "nat":{
        "p":0.6153846154,
        "r":0.3333333333,
        "f":0.4324324324
      }
    },
    "ents_f":0.8623510331,
    "ents_p":0.8648310978,
    "ents_r":0.8598851518,
    "tok2vec_loss":1227.3781149117,
    "ner_loss":7700.5390976527
  }
}